,f1_macro,f1_micro,accuracy
bnert-comb,0.691460929536324,0.8496666666666668,0.8496666666666667
